vigilancia|Curso_0001
pbx|Curso_0002
sujeta|Curso_0003
cra|Curso_0004
nacional|Curso_0005
pontificia|Curso_0006
por|Curso_0007
universidad|Curso_0008
educación|Curso_0009
nuestros|Curso_0010
arellano|Curso_0011
navegación|Curso_0012
ext|Curso_0013
programas|Curso_0014
parte|Curso_0015
hernando|Curso_0016
de|Curso_0017
ángel|Curso_0018
educativas|Curso_0019
del|Curso_0020
decreto|Curso_0021
bogotá|Curso_0022
ministerio|Curso_0023
javeriana|Curso_0024
la|Curso_0025
inspección|Curso_0026
nuevo|Curso_0027
colombia|Curso_0028
continua|Curso_0029
experiencias|Curso_0030
generamos|Curso_0031
